inbound_payment_id,transaction_id,received_at,label
451,IN_00000451,2026-03-13 16:53:19,0
795,IN_00000795,2026-03-13 22:01:23,0
157,IN_00000157,2026-03-13 22:37:22,0
632,IN_00000632,2026-03-14 01:17:30,0
300,IN_00000300,2026-03-14 08:42:41,0
131,IN_00000131,2026-03-14 13:47:49,0
250,IN_00000250,2026-03-14 22:13:31,0
579,IN_00000579,2026-03-15 00:41:22,0
273,IN_00000273,2026-03-15 07:31:45,0
306,IN_00000306,2026-03-15 10:08:27,0
536,IN_00000536,2026-03-15 12:10:31,0
15,IN_00000015,2026-03-15 16:44:17,0
489,IN_00000489,2026-03-15 22:01:47,0
634,IN_00000634,2026-03-16 09:13:21,0
773,IN_00000773,2026-03-16 11:22:55,0
401,IN_00000401,2026-03-16 13:02:41,0
778,IN_00000778,2026-03-16 13:33:19,0
95,IN_00000095,2026-03-16 18:06:24,0
262,IN_00000262,2026-03-16 22:05:44,0
424,IN_00000424,2026-03-17 10:52:49,0
369,IN_00000369,2026-03-17 16:37:16,0
29,IN_00000029,2026-03-17 16:52:44,0
444,IN_00000444,2026-03-17 18:14:37,0
554,IN_00000554,2026-03-17 20:14:08,0
455,IN_00000455,2026-03-18 02:18:06,0
646,IN_00000646,2026-03-18 12:27:52,0
408,IN_00000408,2026-03-18 16:07:35,0
731,IN_00000731,2026-03-18 22:57:43,0
577,IN_00000577,2026-03-19 11:59:41,0
442,IN_00000442,2026-03-19 12:41:36,0
453,IN_00000453,2026-03-19 12:47:44,0
258,IN_00000258,2026-03-19 16:59:44,0
798,IN_00000798,2026-03-19 23:50:35,0
11,IN_00000011,2026-03-20 23:21:25,0
499,IN_00000499,2026-03-20 23:21:51,0
295,IN_00000295,2026-03-21 22:08:51,0
88,IN_00000088,2026-03-22 12:49:16,0
567,IN_00000567,2026-03-22 13:03:52,0
709,IN_00000709,2026-03-22 23:28:34,0
549,IN_00000549,2026-03-22 23:54:20,0
786,IN_00000786,2026-03-23 07:20:04,1
163,IN_00000163,2026-03-23 10:21:21,0
557,IN_00000557,2026-03-23 18:54:30,0
723,IN_00000723,2026-03-24 11:01:47,0
402,IN_00000402,2026-03-24 11:11:12,0
271,IN_00000271,2026-03-24 19:04:51,1
347,IN_00000347,2026-03-25 02:52:15,1
278,IN_00000278,2026-03-25 08:08:21,0
100,IN_00000100,2026-03-25 10:29:36,0
491,IN_00000491,2026-03-25 10:47:11,0
441,IN_00000441,2026-03-25 17:34:06,0
232,IN_00000232,2026-03-26 08:24:51,0
722,IN_00000722,2026-03-26 09:24:18,0
133,IN_00000133,2026-03-26 12:07:46,0
268,IN_00000268,2026-03-26 14:55:34,1
767,IN_00000767,2026-03-26 15:12:41,0
257,IN_00000257,2026-03-26 18:38:02,0
800,IN_00000800,2026-03-26 19:27:21,0
120,IN_00000120,2026-03-26 23:20:16,0
545,IN_00000545,2026-03-27 10:27:45,1
330,IN_00000330,2026-03-28 00:32:41,0
443,IN_00000443,2026-03-28 09:01:24,0
116,IN_00000116,2026-03-28 09:40:18,0
293,IN_00000293,2026-03-28 23:06:46,0
141,IN_00000141,2026-03-29 01:47:48,0
782,IN_00000782,2026-03-29 06:24:39,0
372,IN_00000372,2026-03-29 11:41:27,0
736,IN_00000736,2026-03-29 22:05:24,1
438,IN_00000438,2026-03-30 02:20:16,0
346,IN_00000346,2026-03-30 03:24:27,0
589,IN_00000589,2026-03-30 03:52:18,0
171,IN_00000171,2026-03-30 07:11:51,0
511,IN_00000511,2026-03-30 10:10:37,1
700,IN_00000700,2026-03-30 14:07:03,0
490,IN_00000490,2026-03-30 14:53:47,0
638,IN_00000638,2026-03-30 18:40:49,0
256,IN_00000256,2026-03-31 06:02:30,1
673,IN_00000673,2026-03-31 10:26:21,0
713,IN_00000713,2026-04-01 03:34:54,0
147,IN_00000147,2026-04-01 12:44:16,0
719,IN_00000719,2026-04-01 13:52:04,0
564,IN_00000564,2026-04-01 15:40:43,0
92,IN_00000092,2026-04-01 15:58:38,0
502,IN_00000502,2026-04-01 16:36:52,0
245,IN_00000245,2026-04-01 21:15:07,1
789,IN_00000789,2026-04-02 00:29:40,0
39,IN_00000039,2026-04-02 01:02:49,0
521,IN_00000521,2026-04-02 12:50:22,0
659,IN_00000659,2026-04-03 03:36:18,0
366,IN_00000366,2026-04-03 14:06:27,0
602,IN_00000602,2026-04-03 15:06:50,0
689,IN_00000689,2026-04-03 20:27:32,0
216,IN_00000216,2026-04-03 22:51:46,0
238,IN_00000238,2026-04-03 23:04:32,0
217,IN_00000217,2026-04-04 03:28:23,0
523,IN_00000523,2026-04-04 10:15:25,0
527,IN_00000527,2026-04-04 13:43:58,1
493,IN_00000493,2026-04-04 20:19:25,0
530,IN_00000530,2026-04-04 22:50:42,0
653,IN_00000653,2026-04-05 02:46:41,0
519,IN_00000519,2026-04-05 12:36:46,0
667,IN_00000667,2026-04-05 14:25:46,0
744,IN_00000744,2026-04-05 20:40:13,0
595,IN_00000595,2026-04-06 12:44:02,0
121,IN_00000121,2026-04-06 13:06:53,0
382,IN_00000382,2026-04-06 16:49:01,1
296,IN_00000296,2026-04-07 02:36:58,0
74,IN_00000074,2026-04-07 03:43:31,0
766,IN_00000766,2026-04-07 04:35:39,0
672,IN_00000672,2026-04-07 11:06:52,0
563,IN_00000563,2026-04-07 12:06:13,0
164,IN_00000164,2026-04-07 22:15:44,1
129,IN_00000129,2026-04-07 23:35:16,0
548,IN_00000548,2026-04-08 07:41:07,0
367,IN_00000367,2026-04-08 13:11:19,1
761,IN_00000761,2026-04-08 17:14:45,0
556,IN_00000556,2026-04-08 19:29:42,0
655,IN_00000655,2026-04-09 18:43:40,0
196,IN_00000196,2026-04-09 21:36:43,0
583,IN_00000583,2026-04-09 23:28:05,0
617,IN_00000617,2026-04-10 03:56:38,0
694,IN_00000694,2026-04-10 04:18:55,0
207,IN_00000207,2026-04-10 09:17:05,0
560,IN_00000560,2026-04-10 11:13:17,0
777,IN_00000777,2026-04-10 14:23:51,0
669,IN_00000669,2026-04-10 22:28:36,0
468,IN_00000468,2026-04-11 08:38:29,0
161,IN_00000161,2026-04-11 09:13:23,0
32,IN_00000032,2026-04-13 02:30:40,0
8,IN_00000008,2026-04-13 12:23:07,0
210,IN_00000210,2026-04-13 19:57:26,0
195,IN_00000195,2026-04-13 22:51:20,0
186,IN_00000186,2026-04-14 02:46:15,0
410,IN_00000410,2026-04-14 04:35:24,0
158,IN_00000158,2026-04-14 14:02:12,1
112,IN_00000112,2026-04-14 18:26:43,0
363,IN_00000363,2026-04-15 05:20:44,0
684,IN_00000684,2026-04-15 10:20:40,0
93,IN_00000093,2026-04-15 10:54:09,0
687,IN_00000687,2026-04-15 12:14:27,1
501,IN_00000501,2026-04-15 19:09:00,0
18,IN_00000018,2026-04-16 05:29:07,0
140,IN_00000140,2026-04-16 08:59:28,0
764,IN_00000764,2026-04-16 11:35:10,0
520,IN_00000520,2026-04-16 15:51:18,0
289,IN_00000289,2026-04-17 11:09:47,0
400,IN_00000400,2026-04-17 12:24:31,0
446,IN_00000446,2026-04-18 00:51:19,0
124,IN_00000124,2026-04-18 02:15:17,0
276,IN_00000276,2026-04-18 04:08:39,0
627,IN_00000627,2026-04-18 04:43:28,0
51,IN_00000051,2026-04-18 07:16:42,0
166,IN_00000166,2026-04-19 07:55:02,0
494,IN_00000494,2026-04-19 10:02:55,0
717,IN_00000717,2026-04-19 14:24:48,0
16,IN_00000016,2026-04-19 16:30:28,1
677,IN_00000677,2026-04-19 17:04:37,0
202,IN_00000202,2026-04-19 18:47:45,0
587,IN_00000587,2026-04-19 19:45:36,0
281,IN_00000281,2026-04-20 00:15:31,1
10,IN_00000010,2026-04-20 02:00:04,0
59,IN_00000059,2026-04-20 07:07:17,0
658,IN_00000658,2026-04-20 13:19:43,0
351,IN_00000351,2026-04-20 17:52:10,0
640,IN_00000640,2026-04-20 22:38:44,0
574,IN_00000574,2026-04-21 00:46:23,0
788,IN_00000788,2026-04-21 01:13:05,1
781,IN_00000781,2026-04-21 13:55:49,0
518,IN_00000518,2026-04-21 15:50:17,0
562,IN_00000562,2026-04-21 18:12:11,0
266,IN_00000266,2026-04-21 20:04:00,1
55,IN_00000055,2026-04-22 19:35:56,0
26,IN_00000026,2026-04-23 15:41:19,1
58,IN_00000058,2026-04-23 15:46:58,1
175,IN_00000175,2026-04-23 22:31:01,0
17,IN_00000017,2026-04-24 00:31:58,1
609,IN_00000609,2026-04-24 00:53:25,0
593,IN_00000593,2026-04-24 05:17:45,0
456,IN_00000456,2026-04-24 12:06:25,0
691,IN_00000691,2026-04-24 15:13:29,0
305,IN_00000305,2026-04-25 01:35:57,0
790,IN_00000790,2026-04-25 01:44:52,0
111,IN_00000111,2026-04-25 01:48:38,0
413,IN_00000413,2026-04-25 23:31:01,0
668,IN_00000668,2026-04-26 10:39:03,0
608,IN_00000608,2026-04-26 12:19:56,1
433,IN_00000433,2026-04-26 15:17:29,0
30,IN_00000030,2026-04-26 16:27:43,0
253,IN_00000253,2026-04-27 05:41:17,0
404,IN_00000404,2026-04-28 04:27:34,0
379,IN_00000379,2026-04-28 21:56:34,0
616,IN_00000616,2026-04-29 00:22:57,0
615,IN_00000615,2026-04-29 00:23:38,0
310,IN_00000310,2026-04-29 12:51:13,0
578,IN_00000578,2026-04-29 14:39:13,0
497,IN_00000497,2026-04-29 15:24:51,0
349,IN_00000349,2026-04-29 20:14:34,0
86,IN_00000086,2026-04-29 22:20:13,0
670,IN_00000670,2026-04-30 08:03:04,0
101,IN_00000101,2026-04-30 12:25:07,0
176,IN_00000176,2026-04-30 17:11:31,0
792,IN_00000792,2026-04-30 22:00:26,0
137,IN_00000137,2026-05-01 03:45:31,0
165,IN_00000165,2026-05-01 11:22:27,0
436,IN_00000436,2026-05-01 13:56:57,1
585,IN_00000585,2026-05-01 16:07:25,0
77,IN_00000077,2026-05-01 18:04:45,0
481,IN_00000481,2026-05-01 22:49:31,0
44,IN_00000044,2026-05-02 03:02:22,0
566,IN_00000566,2026-05-02 08:38:20,0
260,IN_00000260,2026-05-02 17:21:08,0
575,IN_00000575,2026-05-02 18:39:03,0
739,IN_00000739,2026-05-02 20:43:04,0
465,IN_00000465,2026-05-03 02:38:42,0
775,IN_00000775,2026-05-03 04:05:57,1
680,IN_00000680,2026-05-03 07:07:04,0
473,IN_00000473,2026-05-03 10:29:20,0
82,IN_00000082,2026-05-03 21:38:01,0
23,IN_00000023,2026-05-03 23:05:07,1
780,IN_00000780,2026-05-04 07:54:43,1
647,IN_00000647,2026-05-04 08:51:32,0
506,IN_00000506,2026-05-04 18:52:08,1
752,IN_00000752,2026-05-04 21:25:57,0
274,IN_00000274,2026-05-05 04:46:09,0
76,IN_00000076,2026-05-05 09:07:47,0
27,IN_00000027,2026-05-05 13:48:22,0
534,IN_00000534,2026-05-05 17:06:04,0
213,IN_00000213,2026-05-05 23:50:46,0
793,IN_00000793,2026-05-06 09:17:57,0
34,IN_00000034,2026-05-06 21:25:48,0
37,IN_00000037,2026-05-07 03:15:01,0
429,IN_00000429,2026-05-07 07:51:11,0
336,IN_00000336,2026-05-07 16:37:09,0
606,IN_00000606,2026-05-07 20:41:05,0
288,IN_00000288,2026-05-08 17:48:54,0
770,IN_00000770,2026-05-08 20:30:22,0
580,IN_00000580,2026-05-09 02:35:08,0
22,IN_00000022,2026-05-09 03:40:02,0
784,IN_00000784,2026-05-09 04:48:34,0
122,IN_00000122,2026-05-09 09:32:05,1
525,IN_00000525,2026-05-09 19:19:55,0
282,IN_00000282,2026-05-10 00:43:10,0
242,IN_00000242,2026-05-11 00:38:22,0
721,IN_00000721,2026-05-11 02:50:43,0
62,IN_00000062,2026-05-11 12:49:09,0
657,IN_00000657,2026-05-11 13:30:18,0
149,IN_00000149,2026-05-11 15:54:16,0
321,IN_00000321,2026-05-11 18:15:32,0
558,IN_00000558,2026-05-11 19:30:44,0
46,IN_00000046,2026-05-12 00:41:04,0
365,IN_00000365,2026-05-12 08:34:31,0
386,IN_00000386,2026-05-12 22:04:46,0
476,IN_00000476,2026-05-12 22:31:52,0
682,IN_00000682,2026-05-13 22:11:27,0
205,IN_00000205,2026-05-14 02:58:50,1
381,IN_00000381,2026-05-14 03:26:44,0
237,IN_00000237,2026-05-14 14:11:28,0
607,IN_00000607,2026-05-14 14:24:54,0
796,IN_00000796,2026-05-14 18:21:22,0
524,IN_00000524,2026-05-14 19:36:25,0
417,IN_00000417,2026-05-14 21:15:07,0
407,IN_00000407,2026-05-15 01:03:45,0
220,IN_00000220,2026-05-15 05:04:49,0
546,IN_00000546,2026-05-15 08:54:08,0
751,IN_00000751,2026-05-15 13:48:51,0
526,IN_00000526,2026-05-16 00:35:46,0
794,IN_00000794,2026-05-16 04:28:35,0
707,IN_00000707,2026-05-16 12:19:44,0
466,IN_00000466,2026-05-16 19:39:25,0
772,IN_00000772,2026-05-16 20:47:00,0
155,IN_00000155,2026-05-16 21:13:25,0
384,IN_00000384,2026-05-16 21:35:36,0
779,IN_00000779,2026-05-17 00:47:06,0
270,IN_00000270,2026-05-17 18:06:22,1
85,IN_00000085,2026-05-17 19:54:06,0
513,IN_00000513,2026-05-18 00:42:10,0
592,IN_00000592,2026-05-18 03:42:07,0
19,IN_00000019,2026-05-18 08:20:59,0
623,IN_00000623,2026-05-18 09:18:22,0
48,IN_00000048,2026-05-18 16:50:58,0
450,IN_00000450,2026-05-18 19:51:43,0
49,IN_00000049,2026-05-19 01:34:43,0
559,IN_00000559,2026-05-19 04:30:01,0
484,IN_00000484,2026-05-19 07:22:17,0
724,IN_00000724,2026-05-19 18:08:41,0
127,IN_00000127,2026-05-20 01:18:59,0
769,IN_00000769,2026-05-20 02:48:09,0
215,IN_00000215,2026-05-20 07:28:53,0
683,IN_00000683,2026-05-20 11:01:43,0
783,IN_00000783,2026-05-21 18:54:52,0
415,IN_00000415,2026-05-22 03:32:44,0
123,IN_00000123,2026-05-22 04:58:20,0
387,IN_00000387,2026-05-22 20:57:34,0
221,IN_00000221,2026-05-23 02:18:52,0
696,IN_00000696,2026-05-23 03:43:13,0
507,IN_00000507,2026-05-23 08:17:08,0
145,IN_00000145,2026-05-23 15:05:23,1
686,IN_00000686,2026-05-23 17:59:18,0
223,IN_00000223,2026-05-23 19:54:00,0
741,IN_00000741,2026-05-24 04:08:27,0
529,IN_00000529,2026-05-24 06:55:34,0
620,IN_00000620,2026-05-24 12:08:22,0
388,IN_00000388,2026-05-24 15:18:02,0
644,IN_00000644,2026-05-24 20:13:26,0
212,IN_00000212,2026-05-25 06:38:59,0
45,IN_00000045,2026-05-25 06:47:11,0
535,IN_00000535,2026-05-25 07:06:31,1
729,IN_00000729,2026-05-25 11:36:22,1
437,IN_00000437,2026-05-25 17:37:08,1
631,IN_00000631,2026-05-25 22:00:08,0
160,IN_00000160,2026-05-26 06:29:21,0
641,IN_00000641,2026-05-26 09:07:28,1
97,IN_00000097,2026-05-26 11:02:07,0
259,IN_00000259,2026-05-26 11:15:02,0
331,IN_00000331,2026-05-26 15:43:59,0
756,IN_00000756,2026-05-26 22:10:14,0
170,IN_00000170,2026-05-27 02:19:57,0
509,IN_00000509,2026-05-27 10:25:59,0
332,IN_00000332,2026-05-27 12:31:14,0
374,IN_00000374,2026-05-27 13:47:46,0
178,IN_00000178,2026-05-27 17:32:18,1
397,IN_00000397,2026-05-27 21:59:59,0
20,IN_00000020,2026-05-28 01:08:02,0
597,IN_00000597,2026-05-29 05:57:07,0
633,IN_00000633,2026-05-30 00:11:34,0
584,IN_00000584,2026-05-30 02:44:01,0
107,IN_00000107,2026-05-30 05:23:18,1
115,IN_00000115,2026-05-30 07:37:52,0
24,IN_00000024,2026-05-30 08:07:59,0
702,IN_00000702,2026-05-30 08:13:54,0
80,IN_00000080,2026-05-30 17:37:06,0
711,IN_00000711,2026-05-31 01:54:05,0
102,IN_00000102,2026-05-31 07:59:46,1
352,IN_00000352,2026-05-31 14:00:52,0
464,IN_00000464,2026-05-31 22:03:17,1
333,IN_00000333,2026-06-01 01:04:51,1
189,IN_00000189,2026-06-01 07:28:02,0
423,IN_00000423,2026-06-01 19:36:23,0
162,IN_00000162,2026-06-02 07:09:48,0
425,IN_00000425,2026-06-02 09:15:50,0
21,IN_00000021,2026-06-02 13:24:26,1
611,IN_00000611,2026-06-02 16:31:23,1
228,IN_00000228,2026-06-03 06:47:03,0
269,IN_00000269,2026-06-03 07:49:35,0
83,IN_00000083,2026-06-03 13:54:05,0
594,IN_00000594,2026-06-03 21:42:21,0
190,IN_00000190,2026-06-03 21:46:15,0
327,IN_00000327,2026-06-04 04:04:09,0
199,IN_00000199,2026-06-04 06:56:38,0
1,IN_00000001,2026-06-04 13:26:27,1
144,IN_00000144,2026-06-04 14:27:15,1
33,IN_00000033,2026-06-04 21:43:38,0
12,IN_00000012,2026-06-05 00:00:32,1
643,IN_00000643,2026-06-05 00:45:05,0
516,IN_00000516,2026-06-05 08:18:11,0
681,IN_00000681,2026-06-05 09:14:33,0
177,IN_00000177,2026-06-05 15:20:15,0
152,IN_00000152,2026-06-05 18:39:31,0
474,IN_00000474,2026-06-06 03:52:47,1
540,IN_00000540,2026-06-06 11:54:22,0
353,IN_00000353,2026-06-06 12:51:46,0
797,IN_00000797,2026-06-06 17:30:30,1
619,IN_00000619,2026-06-06 18:52:27,0
538,IN_00000538,2026-06-06 19:48:11,0
303,IN_00000303,2026-06-07 01:10:00,1
405,IN_00000405,2026-06-07 02:23:17,0
47,IN_00000047,2026-06-07 05:10:29,1
118,IN_00000118,2026-06-07 11:10:41,0
740,IN_00000740,2026-06-07 12:48:06,1
718,IN_00000718,2026-06-07 13:57:24,0
267,IN_00000267,2026-06-07 20:17:41,0
298,IN_00000298,2026-06-08 01:55:41,0
573,IN_00000573,2026-06-08 10:39:18,0
392,IN_00000392,2026-06-08 21:40:15,0
222,IN_00000222,2026-06-09 00:17:40,0
485,IN_00000485,2026-06-09 03:51:20,0
427,IN_00000427,2026-06-09 13:12:26,0
272,IN_00000272,2026-06-09 14:28:19,0
601,IN_00000601,2026-06-09 19:59:22,0
753,IN_00000753,2026-06-10 02:18:57,0
91,IN_00000091,2026-06-10 03:17:56,0
69,IN_00000069,2026-06-10 10:18:48,0
482,IN_00000482,2026-06-10 21:37:33,0
690,IN_00000690,2026-06-10 23:18:23,0
128,IN_00000128,2026-06-10 23:55:42,0
13,IN_00000013,2026-06-11 05:02:30,0
313,IN_00000313,2026-06-11 05:04:56,0
156,IN_00000156,2026-06-12 00:47:05,0
661,IN_00000661,2026-06-12 02:16:14,0
771,IN_00000771,2026-06-12 02:25:35,0
7,IN_00000007,2026-06-12 04:17:53,0
508,IN_00000508,2026-06-12 09:27:55,0
255,IN_00000255,2026-06-12 14:50:48,0
114,IN_00000114,2026-06-12 20:02:02,0
63,IN_00000063,2026-06-13 01:59:27,0
173,IN_00000173,2026-06-13 02:50:32,0
308,IN_00000308,2026-06-13 03:16:30,0
754,IN_00000754,2026-06-13 05:28:38,0
435,IN_00000435,2026-06-13 16:57:04,0
193,IN_00000193,2026-06-13 17:28:06,0
671,IN_00000671,2026-06-14 06:50:04,0
629,IN_00000629,2026-06-14 07:39:13,0
755,IN_00000755,2026-06-14 13:25:06,0
710,IN_00000710,2026-06-14 14:21:35,0
471,IN_00000471,2026-06-14 21:49:00,0
622,IN_00000622,2026-06-15 13:00:51,1
348,IN_00000348,2026-06-15 19:22:37,1
354,IN_00000354,2026-06-15 21:00:09,0
361,IN_00000361,2026-06-15 23:03:10,0
395,IN_00000395,2026-06-16 09:36:09,0
247,IN_00000247,2026-06-16 10:19:35,0
745,IN_00000745,2026-06-16 11:26:52,0
224,IN_00000224,2026-06-16 15:44:01,0
735,IN_00000735,2026-06-16 16:40:13,0
660,IN_00000660,2026-06-16 20:26:29,0
406,IN_00000406,2026-06-17 02:27:17,0
605,IN_00000605,2026-06-17 02:57:19,0
362,IN_00000362,2026-06-17 12:31:03,0
776,IN_00000776,2026-06-17 15:15:27,0
322,IN_00000322,2026-06-17 20:37:37,0
109,IN_00000109,2026-06-18 04:30:35,0
799,IN_00000799,2026-06-18 06:57:25,0
768,IN_00000768,2026-06-18 15:35:40,0
103,IN_00000103,2026-06-18 19:35:45,0
503,IN_00000503,2026-06-18 22:15:30,0
203,IN_00000203,2026-06-18 23:23:59,0
570,IN_00000570,2026-06-18 23:27:17,0
588,IN_00000588,2026-06-19 01:54:43,0
200,IN_00000200,2026-06-19 01:57:50,1
219,IN_00000219,2026-06-19 08:22:31,0
227,IN_00000227,2026-06-19 13:01:17,0
168,IN_00000168,2026-06-19 13:04:31,1
720,IN_00000720,2026-06-19 22:11:33,0
500,IN_00000500,2026-06-19 22:38:08,1
38,IN_00000038,2026-06-20 01:41:28,0
742,IN_00000742,2026-06-20 09:12:04,0
613,IN_00000613,2026-06-20 15:56:30,0
550,IN_00000550,2026-06-20 20:22:42,0
243,IN_00000243,2026-06-21 04:52:46,0
430,IN_00000430,2026-06-21 10:01:00,0
445,IN_00000445,2026-06-21 22:14:58,0
695,IN_00000695,2026-06-22 04:38:08,0
264,IN_00000264,2026-06-22 12:45:27,0
495,IN_00000495,2026-06-22 18:44:24,0
750,IN_00000750,2026-06-22 23:07:35,0
599,IN_00000599,2026-06-23 15:30:29,1
469,IN_00000469,2026-06-23 17:49:16,0
747,IN_00000747,2026-06-23 19:35:53,0
66,IN_00000066,2026-06-24 03:27:56,0
651,IN_00000651,2026-06-24 03:55:41,0
748,IN_00000748,2026-06-24 05:43:14,0
142,IN_00000142,2026-06-24 13:33:58,0
714,IN_00000714,2026-06-24 14:55:13,0
2,IN_00000002,2026-06-24 15:53:38,1
248,IN_00000248,2026-06-24 18:04:55,0
552,IN_00000552,2026-06-25 05:44:25,0
460,IN_00000460,2026-06-25 15:31:12,0
356,IN_00000356,2026-06-25 23:37:53,0
211,IN_00000211,2026-06-26 00:47:37,0
318,IN_00000318,2026-06-26 22:10:01,0
146,IN_00000146,2026-06-27 01:12:12,1
311,IN_00000311,2026-06-27 06:17:22,0
324,IN_00000324,2026-06-27 10:12:26,0
539,IN_00000539,2026-06-27 13:10:06,0
462,IN_00000462,2026-06-27 15:26:44,0
284,IN_00000284,2026-06-27 23:58:00,0
662,IN_00000662,2026-06-28 01:55:23,0
569,IN_00000569,2026-06-28 16:18:44,0
448,IN_00000448,2026-06-28 21:42:37,1
153,IN_00000153,2026-06-29 03:20:53,0
90,IN_00000090,2026-06-29 09:10:13,0
515,IN_00000515,2026-06-29 17:48:32,0
399,IN_00000399,2026-06-29 18:41:07,0
6,IN_00000006,2026-06-30 08:37:57,0
3,IN_00000003,2026-06-30 10:49:41,0
208,IN_00000208,2026-06-30 12:59:12,0
487,IN_00000487,2026-06-30 16:14:26,0
239,IN_00000239,2026-07-01 01:13:52,0
226,IN_00000226,2026-07-01 03:43:30,0
504,IN_00000504,2026-07-01 16:04:31,0
757,IN_00000757,2026-07-01 22:55:50,0
65,IN_00000065,2026-07-01 23:26:45,0
172,IN_00000172,2026-07-02 06:38:29,0
426,IN_00000426,2026-07-02 11:35:34,0
104,IN_00000104,2026-07-03 02:15:11,0
326,IN_00000326,2026-07-03 07:45:31,0
371,IN_00000371,2026-07-03 08:30:17,0
339,IN_00000339,2026-07-03 13:48:30,0
294,IN_00000294,2026-07-03 20:49:19,0
743,IN_00000743,2026-07-04 07:07:36,0
180,IN_00000180,2026-07-04 10:17:12,0
514,IN_00000514,2026-07-04 13:44:37,0
774,IN_00000774,2026-07-04 20:42:46,0
396,IN_00000396,2026-07-04 23:20:43,0
364,IN_00000364,2026-07-05 02:21:46,0
419,IN_00000419,2026-07-05 05:59:18,0
383,IN_00000383,2026-07-05 11:28:21,1
345,IN_00000345,2026-07-05 17:56:34,0
791,IN_00000791,2026-07-05 20:41:37,0
759,IN_00000759,2026-07-05 23:54:50,0
5,IN_00000005,2026-07-06 07:09:04,0
81,IN_00000081,2026-07-06 10:40:30,1
703,IN_00000703,2026-07-06 19:54:56,0
385,IN_00000385,2026-07-07 02:11:01,0
762,IN_00000762,2026-07-07 06:34:05,0
43,IN_00000043,2026-07-07 07:57:13,0
389,IN_00000389,2026-07-07 18:25:11,0
233,IN_00000233,2026-07-08 01:27:20,0
174,IN_00000174,2026-07-08 07:42:26,0
325,IN_00000325,2026-07-08 13:37:33,0
522,IN_00000522,2026-07-08 17:07:00,0
571,IN_00000571,2026-07-08 17:33:23,0
287,IN_00000287,2026-07-08 18:17:54,0
414,IN_00000414,2026-07-08 19:38:27,0
603,IN_00000603,2026-07-09 07:48:17,1
134,IN_00000134,2026-07-09 18:40:48,0
191,IN_00000191,2026-07-10 03:47:52,0
252,IN_00000252,2026-07-10 07:19:32,0
618,IN_00000618,2026-07-10 11:44:11,0
543,IN_00000543,2026-07-10 13:00:24,0
285,IN_00000285,2026-07-10 23:51:25,0
317,IN_00000317,2026-07-12 06:42:10,0
167,IN_00000167,2026-07-12 07:43:09,0
730,IN_00000730,2026-07-12 12:25:13,0
693,IN_00000693,2026-07-12 21:21:02,0
316,IN_00000316,2026-07-12 21:22:40,1
159,IN_00000159,2026-07-13 00:02:28,1
510,IN_00000510,2026-07-13 02:53:14,1
749,IN_00000749,2026-07-13 04:57:36,0
625,IN_00000625,2026-07-13 07:49:04,1
181,IN_00000181,2026-07-13 10:05:15,0
512,IN_00000512,2026-07-13 15:19:35,0
665,IN_00000665,2026-07-13 17:44:42,0
610,IN_00000610,2026-07-13 22:54:53,0
75,IN_00000075,2026-07-13 23:00:59,0
94,IN_00000094,2026-07-13 23:47:48,0
612,IN_00000612,2026-07-14 04:01:00,0
528,IN_00000528,2026-07-14 04:51:54,0
547,IN_00000547,2026-07-14 05:56:08,0
70,IN_00000070,2026-07-14 12:23:46,0
151,IN_00000151,2026-07-14 18:27:16,0
470,IN_00000470,2026-07-14 18:51:00,0
376,IN_00000376,2026-07-14 19:27:35,0
517,IN_00000517,2026-07-15 00:44:02,1
568,IN_00000568,2026-07-15 00:46:33,0
72,IN_00000072,2026-07-15 10:13:24,0
57,IN_00000057,2026-07-15 12:01:37,0
9,IN_00000009,2026-07-15 13:13:33,0
706,IN_00000706,2026-07-15 13:44:25,0
292,IN_00000292,2026-07-15 14:12:16,0
544,IN_00000544,2026-07-15 20:47:20,0
765,IN_00000765,2026-07-15 21:09:09,0
604,IN_00000604,2026-07-16 02:00:54,1
183,IN_00000183,2026-07-16 13:27:26,0
432,IN_00000432,2026-07-16 15:38:23,0
197,IN_00000197,2026-07-16 20:56:34,0
286,IN_00000286,2026-07-17 00:48:45,0
531,IN_00000531,2026-07-17 04:31:18,1
648,IN_00000648,2026-07-17 07:50:06,0
138,IN_00000138,2026-07-17 08:04:06,0
78,IN_00000078,2026-07-17 09:45:53,0
41,IN_00000041,2026-07-17 11:19:09,0
263,IN_00000263,2026-07-18 00:20:40,0
737,IN_00000737,2026-07-18 05:06:08,0
591,IN_00000591,2026-07-18 11:58:52,0
541,IN_00000541,2026-07-18 14:51:17,0
73,IN_00000073,2026-07-18 20:04:15,0
108,IN_00000108,2026-07-18 20:07:33,1
377,IN_00000377,2026-07-18 23:47:14,0
590,IN_00000590,2026-07-19 00:21:12,0
555,IN_00000555,2026-07-19 02:05:24,0
537,IN_00000537,2026-07-19 09:04:13,0
394,IN_00000394,2026-07-19 18:35:53,0
314,IN_00000314,2026-07-20 10:21:10,1
344,IN_00000344,2026-07-20 12:07:15,0
553,IN_00000553,2026-07-20 18:36:39,1
664,IN_00000664,2026-07-20 22:34:28,0
463,IN_00000463,2026-07-20 23:33:17,0
704,IN_00000704,2026-07-21 03:48:11,1
235,IN_00000235,2026-07-21 03:56:52,0
182,IN_00000182,2026-07-21 07:26:22,0
132,IN_00000132,2026-07-21 14:43:12,0
733,IN_00000733,2026-07-21 20:01:37,0
621,IN_00000621,2026-07-22 00:13:41,0
301,IN_00000301,2026-07-22 03:43:12,1
505,IN_00000505,2026-07-22 08:49:50,0
229,IN_00000229,2026-07-22 12:18:40,0
428,IN_00000428,2026-07-22 20:12:49,0
624,IN_00000624,2026-07-23 04:44:36,0
434,IN_00000434,2026-07-23 05:50:03,1
297,IN_00000297,2026-07-23 12:50:54,0
666,IN_00000666,2026-07-23 23:44:46,0
201,IN_00000201,2026-07-24 03:38:04,1
727,IN_00000727,2026-07-24 07:58:58,1
422,IN_00000422,2026-07-24 08:09:01,0
194,IN_00000194,2026-07-25 00:22:21,0
35,IN_00000035,2026-07-25 12:52:19,0
143,IN_00000143,2026-07-25 15:02:05,0
390,IN_00000390,2026-07-25 15:51:39,0
240,IN_00000240,2026-07-25 17:50:08,0
715,IN_00000715,2026-07-26 00:33:52,0
350,IN_00000350,2026-07-26 12:11:22,1
498,IN_00000498,2026-07-26 13:32:59,0
234,IN_00000234,2026-07-26 15:26:59,0
338,IN_00000338,2026-07-26 23:41:58,1
358,IN_00000358,2026-07-27 00:42:09,0
600,IN_00000600,2026-07-27 01:04:12,0
312,IN_00000312,2026-07-27 08:42:06,1
328,IN_00000328,2026-07-27 18:05:10,0
375,IN_00000375,2026-07-27 21:24:50,0
84,IN_00000084,2026-07-27 22:10:20,0
725,IN_00000725,2026-07-27 23:35:08,0
626,IN_00000626,2026-07-28 01:20:58,0
110,IN_00000110,2026-07-28 11:54:10,0
307,IN_00000307,2026-07-28 22:37:23,0
214,IN_00000214,2026-07-29 06:11:42,0
398,IN_00000398,2026-07-29 11:31:55,0
340,IN_00000340,2026-07-29 11:53:53,0
586,IN_00000586,2026-07-29 15:00:20,0
280,IN_00000280,2026-07-29 16:20:15,0
496,IN_00000496,2026-07-30 16:07:13,0
421,IN_00000421,2026-07-30 21:29:04,0
787,IN_00000787,2026-07-30 22:11:49,0
712,IN_00000712,2026-07-31 02:02:14,0
342,IN_00000342,2026-07-31 13:05:10,0
40,IN_00000040,2026-07-31 14:47:57,0
79,IN_00000079,2026-07-31 15:00:23,0
440,IN_00000440,2026-08-01 07:32:00,0
699,IN_00000699,2026-08-01 12:22:28,0
403,IN_00000403,2026-08-01 23:13:09,1
393,IN_00000393,2026-08-02 02:52:50,0
126,IN_00000126,2026-08-02 11:06:59,1
261,IN_00000261,2026-08-02 14:50:31,0
4,IN_00000004,2026-08-02 22:11:19,0
36,IN_00000036,2026-08-03 05:01:43,0
698,IN_00000698,2026-08-03 06:34:43,0
576,IN_00000576,2026-08-03 13:36:06,0
630,IN_00000630,2026-08-03 15:04:56,0
209,IN_00000209,2026-08-03 15:12:59,1
582,IN_00000582,2026-08-04 04:08:29,0
87,IN_00000087,2026-08-04 05:36:50,0
251,IN_00000251,2026-08-04 06:23:21,0
56,IN_00000056,2026-08-05 01:37:45,1
492,IN_00000492,2026-08-05 15:37:04,0
315,IN_00000315,2026-08-05 21:45:17,1
614,IN_00000614,2026-08-06 00:19:07,0
204,IN_00000204,2026-08-06 02:39:50,1
486,IN_00000486,2026-08-06 09:06:46,1
480,IN_00000480,2026-08-06 11:40:43,0
760,IN_00000760,2026-08-06 17:03:08,0
650,IN_00000650,2026-08-07 00:59:45,0
380,IN_00000380,2026-08-07 03:49:51,0
188,IN_00000188,2026-08-07 08:20:24,0
378,IN_00000378,2026-08-07 11:22:19,0
206,IN_00000206,2026-08-07 14:13:20,0
98,IN_00000098,2026-08-08 06:53:18,0
309,IN_00000309,2026-08-08 19:37:42,1
14,IN_00000014,2026-08-09 00:05:44,0
125,IN_00000125,2026-08-09 01:12:48,0
360,IN_00000360,2026-08-09 05:58:22,0
439,IN_00000439,2026-08-09 06:22:15,0
458,IN_00000458,2026-08-09 09:36:41,0
230,IN_00000230,2026-08-09 09:40:23,0
488,IN_00000488,2026-08-09 14:00:35,0
185,IN_00000185,2026-08-09 20:39:52,0
697,IN_00000697,2026-08-10 10:07:01,0
42,IN_00000042,2026-08-10 12:15:48,0
265,IN_00000265,2026-08-10 12:23:02,0
726,IN_00000726,2026-08-11 04:11:46,0
